{
  "version": 1,
  "author": "Dilmi Madumalka",
  "editor": "wokwi",
  "parts": [
    { "type": "board-esp32-devkit-c-v4", "id": "esp", "top": 0, "left": 0, "attrs": {} },
    { "type": "wokwi-gas-sensor", "id": "gas1", "top": 60.3, "left": -175.4, "attrs": {} },
    { "type": "wokwi-dht22", "id": "dht1", "top": -38.1, "left": 215.4, "attrs": {} },
    {
      "type": "wokwi-led-bar-graph",
      "id": "bargraph1",
      "top": 148.8,
      "left": 168,
      "attrs": { "color": "lime" }
    },
    {
      "type": "wokwi-resistor",
      "id": "r1",
      "top": 147.95,
      "left": 220.8,
      "attrs": { "value": "1000" }
    },
    {
      "type": "wokwi-resistor",
      "id": "r2",
      "top": 157.55,
      "left": 220.8,
      "attrs": { "value": "1000" }
    },
    {
      "type": "wokwi-resistor",
      "id": "r3",
      "top": 167.15,
      "left": 220.8,
      "attrs": { "value": "1000" }
    },
    {
      "type": "wokwi-resistor",
      "id": "r4",
      "top": 176.75,
      "left": 220.8,
      "attrs": { "value": "1000" }
    },
    {
      "type": "wokwi-resistor",
      "id": "r5",
      "top": 186.35,
      "left": 220.8,
      "attrs": { "value": "1000" }
    },
    {
      "type": "wokwi-resistor",
      "id": "r6",
      "top": 195.95,
      "left": 220.8,
      "attrs": { "value": "1000" }
    },
    {
      "type": "wokwi-resistor",
      "id": "r7",
      "top": 205.55,
      "left": 220.8,
      "attrs": { "value": "1000" }
    },
    {
      "type": "wokwi-resistor",
      "id": "r8",
      "top": 215.15,
      "left": 220.8,
      "attrs": { "value": "1000" }
    },
    {
      "type": "wokwi-resistor",
      "id": "r9",
      "top": 224.75,
      "left": 220.8,
      "attrs": { "value": "1000" }
    },
    {
      "type": "wokwi-resistor",
      "id": "r10",
      "top": 234.35,
      "left": 220.8,
      "attrs": { "value": "1000" }
    }
  ],
  "connections": [
    [ "esp:TX", "$serialMonitor:RX", "", [] ],
    [ "esp:RX", "$serialMonitor:TX", "", [] ],
    [ "gas1:AOUT", "esp:34", "green", [ "h28.8", "v-9.6" ] ],
    [ "gas1:GND", "esp:GND.1", "black", [ "h19.2", "v47.2" ] ],
    [ "gas1:VCC", "esp:5V", "red", [ "h9.6", "v75.9" ] ],
    [ "dht1:GND", "esp:GND.2", "black", [ "v67.2", "h-38.4", "v0", "h-9.6", "v-115.2" ] ],
    [ "dht1:SDA", "esp:21", "green", [ "v19.2", "h-38.3", "v-19.2" ] ],
    [ "bargraph1:A1", "esp:19", "magenta", [ "h-28.8", "v-57.6", "h-19.2" ] ],
    [ "bargraph1:A2", "esp:18", "green", [ "h-28.8", "v-67.2" ] ],
    [ "bargraph1:A3", "esp:5", "yellow", [ "h-28.8", "v-57.6" ] ],
    [ "bargraph1:A4", "esp:17", "purple", [ "h-28.8", "v-57.6" ] ],
    [ "bargraph1:A5", "esp:16", "green", [ "h-28.8", "v-57.61" ] ],
    [ "bargraph1:A6", "esp:4", "cyan", [ "h-28.8", "v-48.01" ] ],
    [ "bargraph1:A7", "esp:2", "green", [ "h-28.8", "v-48.01" ] ],
    [ "bargraph1:A8", "esp:15", "green", [ "h-28.8", "v-28.81" ] ],
    [ "dht1:VCC", "esp:5V", "red", [ "v211.2", "h-249.6", "v-76.8" ] ],
    [ "bargraph1:A9", "esp:12", "blue", [ "h-211.2", "v-57.61" ] ],
    [ "bargraph1:A10", "esp:14", "gray", [ "h-230.4", "v-9.61" ] ],
    [ "bargraph1:C1", "r1:1", "green", [ "v0" ] ],
    [ "bargraph1:C2", "r2:1", "green", [ "h0" ] ],
    [ "bargraph1:C3", "r3:1", "green", [ "h0" ] ],
    [ "bargraph1:C4", "r4:1", "green", [ "h0" ] ],
    [ "bargraph1:C5", "r5:1", "green", [ "h0" ] ],
    [ "bargraph1:C6", "r6:1", "green", [ "h0" ] ],
    [ "bargraph1:C7", "r7:1", "green", [ "h0" ] ],
    [ "bargraph1:C8", "r8:1", "green", [ "h0" ] ],
    [ "bargraph1:C9", "r9:1", "green", [ "h0" ] ],
    [ "bargraph1:C10", "r10:1", "green", [ "h0" ] ],
    [ "r1:2", "r2:2", "green", [ "v0" ] ],
    [ "r2:2", "r3:2", "green", [ "v0" ] ],
    [ "r3:2", "r4:2", "green", [ "v0" ] ],
    [ "r4:2", "r5:2", "green", [ "v0" ] ],
    [ "r6:2", "r7:2", "green", [ "v0" ] ],
    [ "r8:2", "r9:2", "green", [ "v0" ] ],
    [ "r5:2", "r6:2", "green", [ "v0" ] ],
    [ "r7:2", "r8:2", "green", [ "v0" ] ],
    [ "r9:2", "r10:2", "green", [ "v0" ] ],
    [ "r6:2", "esp:GND.2", "black", [ "v0", "h37.2", "v-249.6", "h-144" ] ]
  ],
  "dependencies": {}
}